Fonte/Tecnologia,Ano 2015,Ano 2030,Ano 2040,Ano 2050,Cenário
Hidro,62140.0,92454,91485,87961,26. Carv╞o financiado com reduç╞o de 20 por cento no CAPEX
Gás Natural,10651.0,16213,23912,28028,26. Carv╞o financiado com reduç╞o de 20 por cento no CAPEX
Carvão,2106.0,3188,1755,1500,26. Carv╞o financiado com reduç╞o de 20 por cento no CAPEX
Nuclear,1651.0,2983,2983,2983,26. Carv╞o financiado com reduç╞o de 20 por cento no CAPEX
Óleos Comb,4506.0,0,0,0,26. Carv╞o financiado com reduç╞o de 20 por cento no CAPEX
Biomassa,4255.0,4944,4771,4554,26. Carv╞o financiado com reduç╞o de 20 por cento no CAPEX
Eólica,1499.0,14411,30426,43653,26. Carv╞o financiado com reduç╞o de 20 por cento no CAPEX
Solar,4.0,1270,6392,14984,26. Carv╞o financiado com reduç╞o de 20 por cento no CAPEX
Outros,451.0,451,451,451,26. Carv╞o financiado com reduç╞o de 20 por cento no CAPEX
Pot. Compl.,0.0,13271,38657,67189,26. Carv╞o financiado com reduç╞o de 20 por cento no CAPEX
GD,0.0,903,2004,3733,26. Carv╞o financiado com reduç╞o de 20 por cento no CAPEX
Hidro,63958.0,95534,107591,107427,33. UHEs em áreas de interferência com Terras Indígenas e Quilombolas (TI) com CAPEX dobrado
Gás Natural,10475.0,18468,27643,35649,33. UHEs em áreas de interferência com Terras Indígenas e Quilombolas (TI) com CAPEX dobrado
Carvão,2380.0,2635,1771,1771,33. UHEs em áreas de interferência com Terras Indígenas e Quilombolas (TI) com CAPEX dobrado
Nuclear,1651.0,2983,2983,2983,33. UHEs em áreas de interferência com Terras Indígenas e Quilombolas (TI) com CAPEX dobrado
Óleos Comb,3820.0,0,0,0,33. UHEs em áreas de interferência com Terras Indígenas e Quilombolas (TI) com CAPEX dobrado
Biomassa,3951.0,6644,8001,8377,33. UHEs em áreas de interferência com Terras Indígenas e Quilombolas (TI) com CAPEX dobrado
Eólica,573.0,11014,19779,37497,33. UHEs em áreas de interferência com Terras Indígenas e Quilombolas (TI) com CAPEX dobrado
Solar,3.0,1385,7517,7517,33. UHEs em áreas de interferência com Terras Indígenas e Quilombolas (TI) com CAPEX dobrado
Outros,451.0,451,451,451,33. UHEs em áreas de interferência com Terras Indígenas e Quilombolas (TI) com CAPEX dobrado
Pot. Compl.,0.0,10071,25095,49629,33. UHEs em áreas de interferência com Terras Indígenas e Quilombolas (TI) com CAPEX dobrado
GD,0.0,903,2004,3733,33. UHEs em áreas de interferência com Terras Indígenas e Quilombolas (TI) com CAPEX dobrado
Hidro,65467.0,96124,106464,102959,38. Matriz Elétrica com expans╞o a partir de tecnologias n╞o emissoras de GEE
Gás Natural,9628.0,6559,1494,0,38. Matriz Elétrica com expans╞o a partir de tecnologias n╞o emissoras de GEE
Carvão,1566.0,1688,255,0,38. Matriz Elétrica com expans╞o a partir de tecnologias n╞o emissoras de GEE
Nuclear,1813.0,3144,3144,3144,38. Matriz Elétrica com expans╞o a partir de tecnologias n╞o emissoras de GEE
Óleos Comb,2478.0,0,0,0,38. Matriz Elétrica com expans╞o a partir de tecnologias n╞o emissoras de GEE
Biomassa,4264.0,14470,14297,13948,38. Matriz Elétrica com expans╞o a partir de tecnologias n╞o emissoras de GEE
Eólica,1592.0,14487,31345,44442,38. Matriz Elétrica com expans╞o a partir de tecnologias n╞o emissoras de GEE
Solar,4.0,434,943,9535,38. Matriz Elétrica com expans╞o a partir de tecnologias n╞o emissoras de GEE
Outros,451.0,451,0,0,38. Matriz Elétrica com expans╞o a partir de tecnologias n╞o emissoras de GEE
Pot. Compl.,0.0,11828,42891,77275,38. Matriz Elétrica com expans╞o a partir de tecnologias n╞o emissoras de GEE
GD,0.0,903,2004,3733,38. Matriz Elétrica com expans╞o a partir de tecnologias n╞o emissoras de GEE
Hidro,65587.0,88969,90431,91884,23. Reduç╞o de 50 por cento no CAPEX e no OPEX de Usina Nuclear
Gás Natural,9113.0,14619,23014,27410,23. Reduç╞o de 50 por cento no CAPEX e no OPEX de Usina Nuclear
Carvão,2106.0,1688,255,0,23. Reduç╞o de 50 por cento no CAPEX e no OPEX de Usina Nuclear
Nuclear,1651.0,11720,19586,19586,23. Reduç╞o de 50 por cento no CAPEX e no OPEX de Usina Nuclear
Óleos Comb,3553.0,0,0,0,23. Reduç╞o de 50 por cento no CAPEX e no OPEX de Usina Nuclear
Biomassa,4041.0,5116,4942,4725,23. Reduç╞o de 50 por cento no CAPEX e no OPEX de Usina Nuclear
Eólica,760.0,12548,25664,38030,23. Reduç╞o de 50 por cento no CAPEX e no OPEX de Usina Nuclear
Solar,2.0,434,2582,11173,23. Reduç╞o de 50 por cento no CAPEX e no OPEX de Usina Nuclear
Outros,451.0,451,451,451,23. Reduç╞o de 50 por cento no CAPEX e no OPEX de Usina Nuclear
Pot. Compl.,0.0,13640,33907,58043,23. Reduç╞o de 50 por cento no CAPEX e no OPEX de Usina Nuclear
GD,0.0,903,2004,3733,23. Reduç╞o de 50 por cento no CAPEX e no OPEX de Usina Nuclear
Hidro,63243.0,93968,95021,97164,14. Capacidade Instalada Total de Eólica e de PV Solar limitada a 50 GW (cada uma) no horizonte
Gás Natural,10172.0,17343,48201,71385,14. Capacidade Instalada Total de Eólica e de PV Solar limitada a 50 GW (cada uma) no horizonte
Carvão,1840.0,1688,255,0,14. Capacidade Instalada Total de Eólica e de PV Solar limitada a 50 GW (cada uma) no horizonte
Nuclear,1651.0,2983,2983,2983,14. Capacidade Instalada Total de Eólica e de PV Solar limitada a 50 GW (cada uma) no horizonte
Óleos Comb,4382.0,0,0,0,14. Capacidade Instalada Total de Eólica e de PV Solar limitada a 50 GW (cada uma) no horizonte
Biomassa,4221.0,8970,9735,9518,14. Capacidade Instalada Total de Eólica e de PV Solar limitada a 50 GW (cada uma) no horizonte
Eólica,1300.0,9865,10275,14321,14. Capacidade Instalada Total de Eólica e de PV Solar limitada a 50 GW (cada uma) no horizonte
Solar,3.0,2422,5588,9588,14. Capacidade Instalada Total de Eólica e de PV Solar limitada a 50 GW (cada uma) no horizonte
Outros,451.0,451,451,451,14. Capacidade Instalada Total de Eólica e de PV Solar limitada a 50 GW (cada uma) no horizonte
Pot. Compl.,0.0,11495,28323,45892,14. Capacidade Instalada Total de Eólica e de PV Solar limitada a 50 GW (cada uma) no horizonte
GD,0.0,903,2004,3733,14. Capacidade Instalada Total de Eólica e de PV Solar limitada a 50 GW (cada uma) no horizonte
Hidro,62140.0,92532,92472,85811,29. GN Pré-Sal ao preço de US$ 6MMBtu
Gás Natural,10651.0,17935,19941,22533,29. GN Pré-Sal ao preço de US$ 6MMBtu
Carvão,2106.0,1688,255,0,29. GN Pré-Sal ao preço de US$ 6MMBtu
Nuclear,1651.0,2983,2983,2983,29. GN Pré-Sal ao preço de US$ 6MMBtu
Óleos Comb,4506.0,0,0,0,29. GN Pré-Sal ao preço de US$ 6MMBtu
Biomassa,4255.0,4944,4771,4554,29. GN Pré-Sal ao preço de US$ 6MMBtu
Eólica,1499.0,14912,32267,46448,29. GN Pré-Sal ao preço de US$ 6MMBtu
Solar,4.0,1270,7416,16007,29. GN Pré-Sal ao preço de US$ 6MMBtu
Outros,451.0,451,451,451,29. GN Pré-Sal ao preço de US$ 6MMBtu
Pot. Compl.,0.0,12469,40277,72516,29. GN Pré-Sal ao preço de US$ 6MMBtu
GD,0.0,903,2004,3733,29. GN Pré-Sal ao preço de US$ 6MMBtu
Hidro,63352.0,95488,100914,96621,48. Capacidade Instalada Total de Eólica limitada a 50 GW no horizonte
Gás Natural,9970.0,20228,29536,30779,48. Capacidade Instalada Total de Eólica limitada a 50 GW no horizonte
Carvão,2380.0,1688,255,0,48. Capacidade Instalada Total de Eólica limitada a 50 GW no horizonte
Nuclear,1651.0,2983,2983,2983,48. Capacidade Instalada Total de Eólica limitada a 50 GW no horizonte
Óleos Comb,4082.0,0,0,0,48. Capacidade Instalada Total de Eólica limitada a 50 GW no horizonte
Biomassa,4039.0,8922,9573,3979,48. Capacidade Instalada Total de Eólica limitada a 50 GW no horizonte
Eólica,1333.0,9548,9214,14003,48. Capacidade Instalada Total de Eólica limitada a 50 GW no horizonte
Solar,4.0,434,15905,26391,48. Capacidade Instalada Total de Eólica limitada a 50 GW no horizonte
Outros,451.0,451,0,0,48. Capacidade Instalada Total de Eólica limitada a 50 GW no horizonte
Pot. Compl.,0.0,9444,32452,76547,48. Capacidade Instalada Total de Eólica limitada a 50 GW no horizonte
GD,0.0,903,2004,3733,48. Capacidade Instalada Total de Eólica limitada a 50 GW no horizonte
Hidro,63958.0,95534,107591,107427,05. Efeitos das Mudanças Climáticas (reduç╞o de disponibilidade hídrica)
Gás Natural,10475.0,18468,27643,35649,05. Efeitos das Mudanças Climáticas (reduç╞o de disponibilidade hídrica)
Carvão,2380.0,2635,1771,1771,05. Efeitos das Mudanças Climáticas (reduç╞o de disponibilidade hídrica)
Nuclear,1651.0,2983,2983,2983,05. Efeitos das Mudanças Climáticas (reduç╞o de disponibilidade hídrica)
Óleos Comb,3820.0,0,0,0,05. Efeitos das Mudanças Climáticas (reduç╞o de disponibilidade hídrica)
Biomassa,3951.0,6644,8001,8377,05. Efeitos das Mudanças Climáticas (reduç╞o de disponibilidade hídrica)
Eólica,573.0,11014,19779,37497,05. Efeitos das Mudanças Climáticas (reduç╞o de disponibilidade hídrica)
Solar,3.0,1385,7517,7517,05. Efeitos das Mudanças Climáticas (reduç╞o de disponibilidade hídrica)
Outros,451.0,451,451,451,05. Efeitos das Mudanças Climáticas (reduç╞o de disponibilidade hídrica)
Pot. Compl.,0.0,10071,25095,49629,05. Efeitos das Mudanças Climáticas (reduç╞o de disponibilidade hídrica)
GD,0.0,903,2004,3733,05. Efeitos das Mudanças Climáticas (reduç╞o de disponibilidade hídrica)
Hidro,63293.0,96651,97729,95584,08. Repotenciaç╞o de UHE
Gás Natural,10146.0,16580,24279,29325,08. Repotenciaç╞o de UHE
Carvão,1637.0,1688,255,0,08. Repotenciaç╞o de UHE
Nuclear,1651.0,2983,2983,2983,08. Repotenciaç╞o de UHE
Óleos Comb,4471.0,0,0,0,08. Repotenciaç╞o de UHE
Biomassa,4202.0,4966,4792,4576,08. Repotenciaç╞o de UHE
Eólica,1407.0,14283,30812,43744,08. Repotenciaç╞o de UHE
Solar,4.0,434,4601,13192,08. Repotenciaç╞o de UHE
Outros,451.0,451,451,451,08. Repotenciaç╞o de UHE
Pot. Compl.,0.0,11150,34930,61447,08. Repotenciaç╞o de UHE
GD,0.0,903,2004,3733,08. Repotenciaç╞o de UHE
Hidro,65587.0,92390,92210,89063,22. Reduç╞o de 45 por cento no CAPEX e no OPEX de Usina Nuclear
Gás Natural,9113.0,15057,23632,27083,22. Reduç╞o de 45 por cento no CAPEX e no OPEX de Usina Nuclear
Carvão,2106.0,1688,255,0,22. Reduç╞o de 45 por cento no CAPEX e no OPEX de Usina Nuclear
Nuclear,1651.0,8830,8830,8830,22. Reduç╞o de 45 por cento no CAPEX e no OPEX de Usina Nuclear
Óleos Comb,3553.0,0,0,0,22. Reduç╞o de 45 por cento no CAPEX e no OPEX de Usina Nuclear
Biomassa,4041.0,5117,4944,4727,22. Reduç╞o de 45 por cento no CAPEX e no OPEX de Usina Nuclear
Eólica,760.0,12788,28297,41632,22. Reduç╞o de 45 por cento no CAPEX e no OPEX de Usina Nuclear
Solar,2.0,737,5942,14533,22. Reduç╞o de 45 por cento no CAPEX e no OPEX de Usina Nuclear
Outros,451.0,451,451,451,22. Reduç╞o de 45 por cento no CAPEX e no OPEX de Usina Nuclear
Pot. Compl.,0.0,12127,36272,64983,22. Reduç╞o de 45 por cento no CAPEX e no OPEX de Usina Nuclear
GD,0.0,903,2004,3733,22. Reduç╞o de 45 por cento no CAPEX e no OPEX de Usina Nuclear
Hidro,65137.0,89764,90004,81489,41. Efeitos das Mudanças Climáticas (reduç╞o de disponibilidade hídrica) sem emissΣes
Gás Natural,9449.0,22502,25123,22978,41. Efeitos das Mudanças Climáticas (reduç╞o de disponibilidade hídrica) sem emissΣes
Carvão,2380.0,1688,255,0,41. Efeitos das Mudanças Climáticas (reduç╞o de disponibilidade hídrica) sem emissΣes
Nuclear,1651.0,2983,2983,2983,41. Efeitos das Mudanças Climáticas (reduç╞o de disponibilidade hídrica) sem emissΣes
Óleos Comb,3438.0,0,0,0,41. Efeitos das Mudanças Climáticas (reduç╞o de disponibilidade hídrica) sem emissΣes
Biomassa,4019.0,14511,14337,14120,41. Efeitos das Mudanças Climáticas (reduç╞o de disponibilidade hídrica) sem emissΣes
Eólica,734.0,16003,31578,50637,41. Efeitos das Mudanças Climáticas (reduç╞o de disponibilidade hídrica) sem emissΣes
Solar,3.0,1284,8434,17026,41. Efeitos das Mudanças Climáticas (reduç╞o de disponibilidade hídrica) sem emissΣes
Outros,451.0,451,451,451,41. Efeitos das Mudanças Climáticas (reduç╞o de disponibilidade hídrica) sem emissΣes
Pot. Compl.,0.0,0,27667,61618,41. Efeitos das Mudanças Climáticas (reduç╞o de disponibilidade hídrica) sem emissΣes
GD,0.0,903,2004,3733,41. Efeitos das Mudanças Climáticas (reduç╞o de disponibilidade hídrica) sem emissΣes
Hidro,63352.0,93859,105043,105814,61. Carv╞o financiado com reduç╞o de 20 por cento no CAPEX
Gás Natural,9970.0,15124,22577,23180,61. Carv╞o financiado com reduç╞o de 20 por cento no CAPEX
Carvão,2380.0,3188,1755,1500,61. Carv╞o financiado com reduç╞o de 20 por cento no CAPEX
Nuclear,1651.0,2983,2983,2983,61. Carv╞o financiado com reduç╞o de 20 por cento no CAPEX
Óleos Comb,4082.0,0,0,0,61. Carv╞o financiado com reduç╞o de 20 por cento no CAPEX
Biomassa,4039.0,8574,8400,8184,61. Carv╞o financiado com reduç╞o de 20 por cento no CAPEX
Eólica,1333.0,12077,29187,40798,61. Carv╞o financiado com reduç╞o de 20 por cento no CAPEX
Solar,4.0,434,943,7604,61. Carv╞o financiado com reduç╞o de 20 por cento no CAPEX
Outros,451.0,451,451,451,61. Carv╞o financiado com reduç╞o de 20 por cento no CAPEX
Pot. Compl.,0.0,12495,29493,60788,61. Carv╞o financiado com reduç╞o de 20 por cento no CAPEX
GD,0.0,903,2004,3733,61. Carv╞o financiado com reduç╞o de 20 por cento no CAPEX
Hidro,64004.0,93444,111512,111635,43. Repotenciaç╞o de UHE
Gás Natural,9817.0,16146,23158,23392,43. Repotenciaç╞o de UHE
Carvão,2380.0,1688,255,0,43. Repotenciaç╞o de UHE
Nuclear,1651.0,2983,2983,2983,43. Repotenciaç╞o de UHE
Óleos Comb,3810.0,0,0,0,43. Repotenciaç╞o de UHE
Biomassa,4094.0,8825,8651,8434,43. Repotenciaç╞o de UHE
Eólica,1054.0,12268,27387,39417,43. Repotenciaç╞o de UHE
Solar,2.0,434,943,7689,43. Repotenciaç╞o de UHE
Outros,451.0,451,451,451,43. Repotenciaç╞o de UHE
Pot. Compl.,0.0,12946,25491,57300,43. Repotenciaç╞o de UHE
GD,0.0,903,2004,3733,43. Repotenciaç╞o de UHE
Hidro,63306.0,93102,105243,105695,55. Reduç╞o de 45 por cento no CAPEX de Usina Nuclear
Gás Natural,10475.0,16146,24035,24638,55. Reduç╞o de 45 por cento no CAPEX de Usina Nuclear
Carvão,2380.0,1688,255,0,55. Reduç╞o de 45 por cento no CAPEX de Usina Nuclear
Nuclear,1813.0,3144,3144,3144,55. Reduç╞o de 45 por cento no CAPEX de Usina Nuclear
Óleos Comb,3623.0,0,0,0,55. Reduç╞o de 45 por cento no CAPEX de Usina Nuclear
Biomassa,4009.0,8668,8494,8277,55. Reduç╞o de 45 por cento no CAPEX de Usina Nuclear
Eólica,1203.0,12784,29451,40715,55. Reduç╞o de 45 por cento no CAPEX de Usina Nuclear
Solar,4.0,434,943,7841,55. Reduç╞o de 45 por cento no CAPEX de Usina Nuclear
Outros,451.0,451,451,451,55. Reduç╞o de 45 por cento no CAPEX de Usina Nuclear
Pot. Compl.,0.0,12769,28815,60541,55. Reduç╞o de 45 por cento no CAPEX de Usina Nuclear
GD,0.0,903,2004,3733,55. Reduç╞o de 45 por cento no CAPEX de Usina Nuclear
Hidro,63958.0,95534,107591,107427,63. Capacidade Instalada de GD limitada a 25 GW em 2050
Gás Natural,10475.0,18468,27643,35649,63. Capacidade Instalada de GD limitada a 25 GW em 2050
Carvão,2380.0,2635,1771,1771,63. Capacidade Instalada de GD limitada a 25 GW em 2050
Nuclear,1651.0,2983,2983,2983,63. Capacidade Instalada de GD limitada a 25 GW em 2050
Óleos Comb,3820.0,0,0,0,63. Capacidade Instalada de GD limitada a 25 GW em 2050
Biomassa,3951.0,6644,8001,8377,63. Capacidade Instalada de GD limitada a 25 GW em 2050
Eólica,573.0,11014,19779,37497,63. Capacidade Instalada de GD limitada a 25 GW em 2050
Solar,3.0,1385,7517,7517,63. Capacidade Instalada de GD limitada a 25 GW em 2050
Outros,451.0,451,451,451,63. Capacidade Instalada de GD limitada a 25 GW em 2050
Pot. Compl.,0.0,10071,25095,49629,63. Capacidade Instalada de GD limitada a 25 GW em 2050
GD,0.0,451,1002,1866,63. Capacidade Instalada de GD limitada a 25 GW em 2050
Hidro,63306.0,93102,105243,105875,56. Reduç╞o de 50 por cento no CAPEX de Usina Nuclear
Gás Natural,10475.0,16146,24035,24458,56. Reduç╞o de 50 por cento no CAPEX de Usina Nuclear
Carvão,2380.0,1688,255,0,56. Reduç╞o de 50 por cento no CAPEX de Usina Nuclear
Nuclear,1813.0,3144,3144,3144,56. Reduç╞o de 50 por cento no CAPEX de Usina Nuclear
Óleos Comb,3623.0,0,0,0,56. Reduç╞o de 50 por cento no CAPEX de Usina Nuclear
Biomassa,4009.0,8668,8494,8277,56. Reduç╞o de 50 por cento no CAPEX de Usina Nuclear
Eólica,1203.0,12784,29451,40715,56. Reduç╞o de 50 por cento no CAPEX de Usina Nuclear
Solar,4.0,434,943,7841,56. Reduç╞o de 50 por cento no CAPEX de Usina Nuclear
Outros,451.0,451,451,451,56. Reduç╞o de 50 por cento no CAPEX de Usina Nuclear
Pot. Compl.,0.0,12769,28815,60541,56. Reduç╞o de 50 por cento no CAPEX de Usina Nuclear
GD,0.0,903,2004,3733,56. Reduç╞o de 50 por cento no CAPEX de Usina Nuclear
Hidro,65331.0,93740,95866,95936,11. Integraç╞o Elétrica com países da América do Sul com custo do sistema de transmiss╞o 50 por cento menor
Gás Natural,9804.0,18511,31171,39167,11. Integraç╞o Elétrica com países da América do Sul com custo do sistema de transmiss╞o 50 por cento menor
Carvão,2106.0,2635,1551,1551,11. Integraç╞o Elétrica com países da América do Sul com custo do sistema de transmiss╞o 50 por cento menor
Nuclear,1651.0,2983,2983,2983,11. Integraç╞o Elétrica com países da América do Sul com custo do sistema de transmiss╞o 50 por cento menor
Óleos Comb,3339.0,0,0,0,11. Integraç╞o Elétrica com países da América do Sul com custo do sistema de transmiss╞o 50 por cento menor
Biomassa,3985.0,6644,8001,9008,11. Integraç╞o Elétrica com países da América do Sul com custo do sistema de transmiss╞o 50 por cento menor
Eólica,593.0,11506,21322,38024,11. Integraç╞o Elétrica com países da América do Sul com custo do sistema de transmiss╞o 50 por cento menor
Solar,2.0,1385,8559,8559,11. Integraç╞o Elétrica com países da América do Sul com custo do sistema de transmiss╞o 50 por cento menor
Outros,451.0,451,451,451,11. Integraç╞o Elétrica com países da América do Sul com custo do sistema de transmiss╞o 50 por cento menor
Pot. Compl.,0.0,11330,30929,55623,11. Integraç╞o Elétrica com países da América do Sul com custo do sistema de transmiss╞o 50 por cento menor
GD,0.0,903,2004,3733,11. Integraç╞o Elétrica com países da América do Sul com custo do sistema de transmiss╞o 50 por cento menor
Hidro,63352.0,95080,106589,107848,51. Capacidade Instalada Total de PV Solar limitada a 50 GW (cada uma) no horizonte
Gás Natural,9970.0,15799,23337,25504,51. Capacidade Instalada Total de PV Solar limitada a 50 GW (cada uma) no horizonte
Carvão,2380.0,1688,255,0,51. Capacidade Instalada Total de PV Solar limitada a 50 GW (cada uma) no horizonte
Nuclear,1651.0,2983,2983,2983,51. Capacidade Instalada Total de PV Solar limitada a 50 GW (cada uma) no horizonte
Óleos Comb,4082.0,0,0,0,51. Capacidade Instalada Total de PV Solar limitada a 50 GW (cada uma) no horizonte
Biomassa,4039.0,7275,7102,6885,51. Capacidade Instalada Total de PV Solar limitada a 50 GW (cada uma) no horizonte
Eólica,1333.0,13174,30439,43669,51. Capacidade Instalada Total de PV Solar limitada a 50 GW (cada uma) no horizonte
Solar,4.0,434,930,4930,51. Capacidade Instalada Total de PV Solar limitada a 50 GW (cada uma) no horizonte
Outros,451.0,451,451,451,51. Capacidade Instalada Total de PV Solar limitada a 50 GW (cada uma) no horizonte
Pot. Compl.,0.0,12301,28746,59031,51. Capacidade Instalada Total de PV Solar limitada a 50 GW (cada uma) no horizonte
GD,0.0,903,2004,3733,51. Capacidade Instalada Total de PV Solar limitada a 50 GW (cada uma) no horizonte
Hidro,63695.0,95448,93174,94709,46. Integraç╞o Elétrica com países da América do Sul com custo do sistema de transmiss╞o 50 por cento menor
Gás Natural,10651.0,19183,33889,39177,46. Integraç╞o Elétrica com países da América do Sul com custo do sistema de transmiss╞o 50 por cento menor
Carvão,2108.0,2635,1821,1551,46. Integraç╞o Elétrica com países da América do Sul com custo do sistema de transmiss╞o 50 por cento menor
Nuclear,1651.0,2983,2983,2983,46. Integraç╞o Elétrica com países da América do Sul com custo do sistema de transmiss╞o 50 por cento menor
Óleos Comb,4156.0,0,0,0,46. Integraç╞o Elétrica com países da América do Sul com custo do sistema de transmiss╞o 50 por cento menor
Biomassa,4211.0,6644,7865,7648,46. Integraç╞o Elétrica com países da América do Sul com custo do sistema de transmiss╞o 50 por cento menor
Eólica,337.0,8006,20916,37033,46. Integraç╞o Elétrica com países da América do Sul com custo do sistema de transmiss╞o 50 por cento menor
Solar,3.0,1385,11431,17481,46. Integraç╞o Elétrica com países da América do Sul com custo do sistema de transmiss╞o 50 por cento menor
Outros,451.0,451,451,451,46. Integraç╞o Elétrica com países da América do Sul com custo do sistema de transmiss╞o 50 por cento menor
Pot. Compl.,0.0,12450,28302,50268,46. Integraç╞o Elétrica com países da América do Sul com custo do sistema de transmiss╞o 50 por cento menor
GD,0.0,903,2004,3733,46. Integraç╞o Elétrica com países da América do Sul com custo do sistema de transmiss╞o 50 por cento menor
Hidro,63958.0,95534,107591,107427,42. Sobrecusto de 100 por cento no CAPEX de PCH
Gás Natural,10475.0,18468,27643,35649,42. Sobrecusto de 100 por cento no CAPEX de PCH
Carvão,2380.0,2635,1771,1771,42. Sobrecusto de 100 por cento no CAPEX de PCH
Nuclear,1651.0,2983,2983,2983,42. Sobrecusto de 100 por cento no CAPEX de PCH
Óleos Comb,3820.0,0,0,0,42. Sobrecusto de 100 por cento no CAPEX de PCH
Biomassa,3951.0,6644,8001,8377,42. Sobrecusto de 100 por cento no CAPEX de PCH
Eólica,573.0,11014,19779,37497,42. Sobrecusto de 100 por cento no CAPEX de PCH
Solar,3.0,1385,7517,7517,42. Sobrecusto de 100 por cento no CAPEX de PCH
Outros,451.0,451,451,451,42. Sobrecusto de 100 por cento no CAPEX de PCH
Pot. Compl.,0.0,10071,25095,49629,42. Sobrecusto de 100 por cento no CAPEX de PCH
GD,0.0,903,2004,3733,42. Sobrecusto de 100 por cento no CAPEX de PCH
Hidro,63958.0,95534,107591,107427,31. Potencial Inventariado Total exceto UHEs em áreas de interferência com Terras Indígenas e Quilombolas (TI)
Gás Natural,10475.0,18468,27643,35649,31. Potencial Inventariado Total exceto UHEs em áreas de interferência com Terras Indígenas e Quilombolas (TI)
Carvão,2380.0,2635,1771,1771,31. Potencial Inventariado Total exceto UHEs em áreas de interferência com Terras Indígenas e Quilombolas (TI)
Nuclear,1651.0,2983,2983,2983,31. Potencial Inventariado Total exceto UHEs em áreas de interferência com Terras Indígenas e Quilombolas (TI)
Óleos Comb,3820.0,0,0,0,31. Potencial Inventariado Total exceto UHEs em áreas de interferência com Terras Indígenas e Quilombolas (TI)
Biomassa,3951.0,6644,8001,8377,31. Potencial Inventariado Total exceto UHEs em áreas de interferência com Terras Indígenas e Quilombolas (TI)
Eólica,573.0,11014,19779,37497,31. Potencial Inventariado Total exceto UHEs em áreas de interferência com Terras Indígenas e Quilombolas (TI)
Solar,3.0,1385,7517,7517,31. Potencial Inventariado Total exceto UHEs em áreas de interferência com Terras Indígenas e Quilombolas (TI)
Outros,451.0,451,451,451,31. Potencial Inventariado Total exceto UHEs em áreas de interferência com Terras Indígenas e Quilombolas (TI)
Pot. Compl.,0.0,10071,25095,49629,31. Potencial Inventariado Total exceto UHEs em áreas de interferência com Terras Indígenas e Quilombolas (TI)
GD,0.0,903,2004,3733,31. Potencial Inventariado Total exceto UHEs em áreas de interferência com Terras Indígenas e Quilombolas (TI)
Hidro,64463.0,82430,86840,87234,36. Estagnaç╞o
Gás Natural,10146.0,6921,7372,7022,36. Estagnaç╞o
Carvão,2106.0,1688,255,0,36. Estagnaç╞o
Nuclear,1651.0,2983,2983,2983,36. Estagnaç╞o
Óleos Comb,4365.0,0,0,0,36. Estagnaç╞o
Biomassa,4014.0,4944,4771,4554,36. Estagnaç╞o
Eólica,1271.0,4304,1437,1506,36. Estagnaç╞o
Solar,4.0,434,0,0,36. Estagnaç╞o
Outros,451.0,451,451,451,36. Estagnaç╞o
Pot. Compl.,0.0,190,5039,5302,36. Estagnaç╞o
GD,0.0,406,811,1248,36. Estagnaç╞o
Hidro,63695.0,95448,93174,94709,52. Aumento do fator de capacidade das usinas a bagaço usando insumo com custo na entressafra
Gás Natural,10651.0,19183,33889,39177,52. Aumento do fator de capacidade das usinas a bagaço usando insumo com custo na entressafra
Carvão,2108.0,2635,1821,1551,52. Aumento do fator de capacidade das usinas a bagaço usando insumo com custo na entressafra
Nuclear,1651.0,2983,2983,2983,52. Aumento do fator de capacidade das usinas a bagaço usando insumo com custo na entressafra
Óleos Comb,4156.0,0,0,0,52. Aumento do fator de capacidade das usinas a bagaço usando insumo com custo na entressafra
Biomassa,4211.0,6644,7865,7648,52. Aumento do fator de capacidade das usinas a bagaço usando insumo com custo na entressafra
Eólica,337.0,8006,20916,37033,52. Aumento do fator de capacidade das usinas a bagaço usando insumo com custo na entressafra
Solar,3.0,1385,11431,17481,52. Aumento do fator de capacidade das usinas a bagaço usando insumo com custo na entressafra
Outros,451.0,451,451,451,52. Aumento do fator de capacidade das usinas a bagaço usando insumo com custo na entressafra
Pot. Compl.,0.0,12450,28302,50268,52. Aumento do fator de capacidade das usinas a bagaço usando insumo com custo na entressafra
GD,0.0,903,2004,3733,52. Aumento do fator de capacidade das usinas a bagaço usando insumo com custo na entressafra
Hidro,62431.0,95796,93700,91331,24. Expans╞o de 8.000 MW de Usinas Nucleares
Gás Natural,10651.0,19540,31480,38224,24. Expans╞o de 8.000 MW de Usinas Nucleares
Carvão,2380.0,2635,1821,1821,24. Expans╞o de 8.000 MW de Usinas Nucleares
Nuclear,1651.0,2983,6303,9624,24. Expans╞o de 8.000 MW de Usinas Nucleares
Óleos Comb,4244.0,0,0,0,24. Expans╞o de 8.000 MW de Usinas Nucleares
Biomassa,4183.0,6644,7865,7478,24. Expans╞o de 8.000 MW de Usinas Nucleares
Eólica,1269.0,10631,19029,34777,24. Expans╞o de 8.000 MW de Usinas Nucleares
Solar,3.0,1385,11431,15423,24. Expans╞o de 8.000 MW de Usinas Nucleares
Outros,451.0,451,451,451,24. Expans╞o de 8.000 MW de Usinas Nucleares
Pot. Compl.,0.0,9121,28752,52174,24. Expans╞o de 8.000 MW de Usinas Nucleares
GD,0.0,903,2004,3733,24. Expans╞o de 8.000 MW de Usinas Nucleares
Hidro,64227.0,92244,91774,82749,03. Matriz Elétrica com expans╞o a partir de tecnologias n╞o emissoras de GEE
Gás Natural,9622.0,13279,14025,13676,03. Matriz Elétrica com expans╞o a partir de tecnologias n╞o emissoras de GEE
Carvão,1840.0,1688,255,0,03. Matriz Elétrica com expans╞o a partir de tecnologias n╞o emissoras de GEE
Nuclear,1651.0,2983,2983,2983,03. Matriz Elétrica com expans╞o a partir de tecnologias n╞o emissoras de GEE
Óleos Comb,4235.0,0,0,0,03. Matriz Elétrica com expans╞o a partir de tecnologias n╞o emissoras de GEE
Biomassa,4132.0,7126,6953,6736,03. Matriz Elétrica com expans╞o a partir de tecnologias n╞o emissoras de GEE
Eólica,1104.0,15867,31847,48668,03. Matriz Elétrica com expans╞o a partir de tecnologias n╞o emissoras de GEE
Solar,3.0,1270,8203,16795,03. Matriz Elétrica com expans╞o a partir de tecnologias n╞o emissoras de GEE
Outros,451.0,451,0,0,03. Matriz Elétrica com expans╞o a partir de tecnologias n╞o emissoras de GEE
Pot. Compl.,0.0,14277,44793,79697,03. Matriz Elétrica com expans╞o a partir de tecnologias n╞o emissoras de GEE
GD,0.0,903,2004,3733,03. Matriz Elétrica com expans╞o a partir de tecnologias n╞o emissoras de GEE
Hidro,63958.0,95534,107591,107427,62. Capacidade Instalada de GD alcança 75 GW em 2050
Gás Natural,10475.0,18468,27643,35649,62. Capacidade Instalada de GD alcança 75 GW em 2050
Carvão,2380.0,2635,1771,1771,62. Capacidade Instalada de GD alcança 75 GW em 2050
Nuclear,1651.0,2983,2983,2983,62. Capacidade Instalada de GD alcança 75 GW em 2050
Óleos Comb,3820.0,0,0,0,62. Capacidade Instalada de GD alcança 75 GW em 2050
Biomassa,3951.0,6644,8001,8377,62. Capacidade Instalada de GD alcança 75 GW em 2050
Eólica,573.0,11014,19779,37497,62. Capacidade Instalada de GD alcança 75 GW em 2050
Solar,3.0,1385,7517,7517,62. Capacidade Instalada de GD alcança 75 GW em 2050
Outros,451.0,451,451,451,62. Capacidade Instalada de GD alcança 75 GW em 2050
Pot. Compl.,0.0,10071,25095,49629,62. Capacidade Instalada de GD alcança 75 GW em 2050
GD,0.0,1355,3006,5599,62. Capacidade Instalada de GD alcança 75 GW em 2050
Hidro,63958.0,95534,107591,107427,32. UHEs em áreas de interferência com CAPEX dobrado
Gás Natural,10475.0,18468,27643,35649,32. UHEs em áreas de interferência com CAPEX dobrado
Carvão,2380.0,2635,1771,1771,32. UHEs em áreas de interferência com CAPEX dobrado
Nuclear,1651.0,2983,2983,2983,32. UHEs em áreas de interferência com CAPEX dobrado
Óleos Comb,3820.0,0,0,0,32. UHEs em áreas de interferência com CAPEX dobrado
Biomassa,3951.0,6644,8001,8377,32. UHEs em áreas de interferência com CAPEX dobrado
Eólica,573.0,11014,19779,37497,32. UHEs em áreas de interferência com CAPEX dobrado
Solar,3.0,1385,7517,7517,32. UHEs em áreas de interferência com CAPEX dobrado
Outros,451.0,451,451,451,32. UHEs em áreas de interferência com CAPEX dobrado
Pot. Compl.,0.0,10071,25095,49629,32. UHEs em áreas de interferência com CAPEX dobrado
GD,0.0,903,2004,3733,32. UHEs em áreas de interferência com CAPEX dobrado
Hidro,65331.0,93740,95866,95936,10. Integraç╞o Elétrica com países da América do Sul com custo do sistema de transmiss╞o 50 por centomaior
Gás Natural,9804.0,18511,31171,39167,10. Integraç╞o Elétrica com países da América do Sul com custo do sistema de transmiss╞o 50 por centomaior
Carvão,2106.0,2635,1551,1551,10. Integraç╞o Elétrica com países da América do Sul com custo do sistema de transmiss╞o 50 por centomaior
Nuclear,1651.0,2983,2983,2983,10. Integraç╞o Elétrica com países da América do Sul com custo do sistema de transmiss╞o 50 por centomaior
Óleos Comb,3339.0,0,0,0,10. Integraç╞o Elétrica com países da América do Sul com custo do sistema de transmiss╞o 50 por centomaior
Biomassa,3985.0,6644,8001,9008,10. Integraç╞o Elétrica com países da América do Sul com custo do sistema de transmiss╞o 50 por centomaior
Eólica,593.0,11506,21322,38024,10. Integraç╞o Elétrica com países da América do Sul com custo do sistema de transmiss╞o 50 por centomaior
Solar,2.0,1385,8559,8559,10. Integraç╞o Elétrica com países da América do Sul com custo do sistema de transmiss╞o 50 por centomaior
Outros,451.0,451,451,451,10. Integraç╞o Elétrica com países da América do Sul com custo do sistema de transmiss╞o 50 por centomaior
Pot. Compl.,0.0,11330,30929,55623,10. Integraç╞o Elétrica com países da América do Sul com custo do sistema de transmiss╞o 50 por centomaior
GD,0.0,903,2004,3733,10. Integraç╞o Elétrica com países da América do Sul com custo do sistema de transmiss╞o 50 por centomaior
Hidro,62271.0,95882,93738,90845,27. Capacidade Instalada de GD alcança 75 GW em 2050
Gás Natural,10651.0,19215,32118,40195,27. Capacidade Instalada de GD alcança 75 GW em 2050
Carvão,2380.0,2635,1551,1551,27. Capacidade Instalada de GD alcança 75 GW em 2050
Nuclear,1651.0,2983,2983,2983,27. Capacidade Instalada de GD alcança 75 GW em 2050
Óleos Comb,4156.0,0,0,0,27. Capacidade Instalada de GD alcança 75 GW em 2050
Biomassa,4233.0,6644,7695,7648,27. Capacidade Instalada de GD alcança 75 GW em 2050
Eólica,1467.0,9852,19218,35010,27. Capacidade Instalada de GD alcança 75 GW em 2050
Solar,3.0,1385,11431,16332,27. Capacidade Instalada de GD alcança 75 GW em 2050
Outros,451.0,451,451,451,27. Capacidade Instalada de GD alcança 75 GW em 2050
Pot. Compl.,0.0,9690,30655,54437,27. Capacidade Instalada de GD alcança 75 GW em 2050
GD,0.0,1355,3006,5599,27. Capacidade Instalada de GD alcança 75 GW em 2050
Hidro,64604.0,91805,92191,83130,02. Matriz Elétrica com expans╞o 100 por cento renovável
Gás Natural,9530.0,6559,1149,0,02. Matriz Elétrica com expans╞o 100 por cento renovável
Carvão,2012.0,1688,255,0,02. Matriz Elétrica com expans╞o 100 por cento renovável
Nuclear,1813.0,3144,3144,3144,02. Matriz Elétrica com expans╞o 100 por cento renovável
Óleos Comb,3438.0,0,0,0,02. Matriz Elétrica com expans╞o 100 por cento renovável
Biomassa,4244.0,14470,12585,12237,02. Matriz Elétrica com expans╞o 100 por cento renovável
Eólica,1168.0,15484,32804,51195,02. Matriz Elétrica com expans╞o 100 por cento renovável
Solar,3.0,1248,7574,16166,02. Matriz Elétrica com expans╞o 100 por cento renovável
Outros,451.0,451,0,0,02. Matriz Elétrica com expans╞o 100 por cento renovável
Pot. Compl.,0.0,14337,51130,85431,02. Matriz Elétrica com expans╞o 100 por cento renovável
GD,0.0,903,2004,3733,02. Matriz Elétrica com expans╞o 100 por cento renovável
Hidro,62944.0,92200,91478,94337,25. Expans╞o de 10.000 MW de Usinas Nucleares
Gás Natural,10261.0,16566,23905,29188,25. Expans╞o de 10.000 MW de Usinas Nucleares
Carvão,2380.0,1688,255,0,25. Expans╞o de 10.000 MW de Usinas Nucleares
Nuclear,1651.0,2983,7964,11284,25. Expans╞o de 10.000 MW de Usinas Nucleares
Óleos Comb,4040.0,0,0,0,25. Expans╞o de 10.000 MW de Usinas Nucleares
Biomassa,4234.0,4944,4771,4554,25. Expans╞o de 10.000 MW de Usinas Nucleares
Eólica,1298.0,15364,31069,36306,25. Expans╞o de 10.000 MW de Usinas Nucleares
Solar,3.0,1270,4154,12746,25. Expans╞o de 10.000 MW de Usinas Nucleares
Outros,451.0,451,451,451,25. Expans╞o de 10.000 MW de Usinas Nucleares
Pot. Compl.,0.0,13719,36785,62436,25. Expans╞o de 10.000 MW de Usinas Nucleares
GD,0.0,903,2004,3733,25. Expans╞o de 10.000 MW de Usinas Nucleares
Hidro,64859.0,81560,85457,86338,01. Estagnaç╞o
Gás Natural,10520.0,7982,8918,8190,01. Estagnaç╞o
Carvão,2106.0,1688,255,0,01. Estagnaç╞o
Nuclear,1651.0,2983,2983,2983,01. Estagnaç╞o
Óleos Comb,3481.0,0,0,0,01. Estagnaç╞o
Biomassa,4136.0,4944,7695,7685,01. Estagnaç╞o
Eólica,1263.0,4304,34,0,01. Estagnaç╞o
Solar,2.0,434,0,0,01. Estagnaç╞o
Outros,451.0,451,451,451,01. Estagnaç╞o
Pot. Compl.,0.0,0,3354,3406,01. Estagnaç╞o
GD,0.0,406,811,1248,01. Estagnaç╞o
Hidro,63352.0,94018,106995,107505,39.TodoTI Potencial Hidrelétrico Inventariado sem áreas de interferência
Gás Natural,9970.0,18947,28687,37262,39.TodoTI Potencial Hidrelétrico Inventariado sem áreas de interferência
Carvão,2380.0,1688,255,0,39.TodoTI Potencial Hidrelétrico Inventariado sem áreas de interferência
Nuclear,1651.0,2983,2983,2983,39.TodoTI Potencial Hidrelétrico Inventariado sem áreas de interferência
Óleos Comb,4082.0,0,0,0,39.TodoTI Potencial Hidrelétrico Inventariado sem áreas de interferência
Biomassa,4039.0,8922,9573,9389,39.TodoTI Potencial Hidrelétrico Inventariado sem áreas de interferência
Eólica,1333.0,9877,19607,36197,39.TodoTI Potencial Hidrelétrico Inventariado sem áreas de interferência
Solar,4.0,1385,8149,8149,39.TodoTI Potencial Hidrelétrico Inventariado sem áreas de interferência
Outros,451.0,451,451,451,39.TodoTI Potencial Hidrelétrico Inventariado sem áreas de interferência
Pot. Compl.,0.0,10913,24133,49366,39.TodoTI Potencial Hidrelétrico Inventariado sem áreas de interferência
GD,0.0,903,2004,3733,39.TodoTI Potencial Hidrelétrico Inventariado sem áreas de interferência
Hidro,62950.0,87015,83790,86840,06. Efeitos das Mudanças Climáticas (reduç╞o de disponibilidade hídrica) sem emissΣes
Gás Natural,10303.0,22036,25500,22462,06. Efeitos das Mudanças Climáticas (reduç╞o de disponibilidade hídrica) sem emissΣes
Carvão,2380.0,1688,255,0,06. Efeitos das Mudanças Climáticas (reduç╞o de disponibilidade hídrica) sem emissΣes
Nuclear,1651.0,2983,2983,2983,06. Efeitos das Mudanças Climáticas (reduç╞o de disponibilidade hídrica) sem emissΣes
Óleos Comb,4145.0,0,0,0,06. Efeitos das Mudanças Climáticas (reduç╞o de disponibilidade hídrica) sem emissΣes
Biomassa,4102.0,14511,14337,14120,06. Efeitos das Mudanças Climáticas (reduç╞o de disponibilidade hídrica) sem emissΣes
Eólica,1280.0,15932,31652,41021,06. Efeitos das Mudanças Climáticas (reduç╞o de disponibilidade hídrica) sem emissΣes
Solar,2.0,2359,9250,17841,06. Efeitos das Mudanças Climáticas (reduç╞o de disponibilidade hídrica) sem emissΣes
Outros,451.0,451,451,451,06. Efeitos das Mudanças Climáticas (reduç╞o de disponibilidade hídrica) sem emissΣes
Pot. Compl.,0.0,2209,32614,65585,06. Efeitos das Mudanças Climáticas (reduç╞o de disponibilidade hídrica) sem emissΣes
GD,0.0,903,2004,3733,06. Efeitos das Mudanças Climáticas (reduç╞o de disponibilidade hídrica) sem emissΣes
Hidro,63695.0,95448,93174,94709,45. Integraç╞o Elétrica com países da América do Sul com custo do sistema de transmiss╞o 50 por cento maior
Gás Natural,10651.0,19183,33889,39177,45. Integraç╞o Elétrica com países da América do Sul com custo do sistema de transmiss╞o 50 por cento maior
Carvão,2108.0,2635,1821,1551,45. Integraç╞o Elétrica com países da América do Sul com custo do sistema de transmiss╞o 50 por cento maior
Nuclear,1651.0,2983,2983,2983,45. Integraç╞o Elétrica com países da América do Sul com custo do sistema de transmiss╞o 50 por cento maior
Óleos Comb,4156.0,0,0,0,45. Integraç╞o Elétrica com países da América do Sul com custo do sistema de transmiss╞o 50 por cento maior
Biomassa,4211.0,6644,7865,7648,45. Integraç╞o Elétrica com países da América do Sul com custo do sistema de transmiss╞o 50 por cento maior
Eólica,337.0,8006,20916,37033,45. Integraç╞o Elétrica com países da América do Sul com custo do sistema de transmiss╞o 50 por cento maior
Solar,3.0,1385,11431,17481,45. Integraç╞o Elétrica com países da América do Sul com custo do sistema de transmiss╞o 50 por cento maior
Outros,451.0,451,451,451,45. Integraç╞o Elétrica com países da América do Sul com custo do sistema de transmiss╞o 50 por cento maior
Pot. Compl.,0.0,12450,28302,50268,45. Integraç╞o Elétrica com países da América do Sul com custo do sistema de transmiss╞o 50 por cento maior
GD,0.0,903,2004,3733,45. Integraç╞o Elétrica com países da América do Sul com custo do sistema de transmiss╞o 50 por cento maior
Hidro,63958.0,95534,107591,107427,20. Reduç╞o de 45 por cento no CAPEX de Usina Nuclear
Gás Natural,10475.0,18468,27643,35649,20. Reduç╞o de 45 por cento no CAPEX de Usina Nuclear
Carvão,2380.0,2635,1771,1771,20. Reduç╞o de 45 por cento no CAPEX de Usina Nuclear
Nuclear,1651.0,2983,2983,2983,20. Reduç╞o de 45 por cento no CAPEX de Usina Nuclear
Óleos Comb,3820.0,0,0,0,20. Reduç╞o de 45 por cento no CAPEX de Usina Nuclear
Biomassa,3951.0,6644,8001,8377,20. Reduç╞o de 45 por cento no CAPEX de Usina Nuclear
Eólica,573.0,11014,19779,37497,20. Reduç╞o de 45 por cento no CAPEX de Usina Nuclear
Solar,3.0,1385,7517,7517,20. Reduç╞o de 45 por cento no CAPEX de Usina Nuclear
Outros,451.0,451,451,451,20. Reduç╞o de 45 por cento no CAPEX de Usina Nuclear
Pot. Compl.,0.0,10071,25095,49629,20. Reduç╞o de 45 por cento no CAPEX de Usina Nuclear
GD,0.0,903,2004,3733,20. Reduç╞o de 45 por cento no CAPEX de Usina Nuclear
Hidro,63958.0,95534,107591,107427,34. UHEs em áreas de interferência com Unidades de Conservaç╞o (UC) com CAPEX dobrado
Gás Natural,10475.0,18468,27643,35649,34. UHEs em áreas de interferência com Unidades de Conservaç╞o (UC) com CAPEX dobrado
Carvão,2380.0,2635,1771,1771,34. UHEs em áreas de interferência com Unidades de Conservaç╞o (UC) com CAPEX dobrado
Nuclear,1651.0,2983,2983,2983,34. UHEs em áreas de interferência com Unidades de Conservaç╞o (UC) com CAPEX dobrado
Óleos Comb,3820.0,0,0,0,34. UHEs em áreas de interferência com Unidades de Conservaç╞o (UC) com CAPEX dobrado
Biomassa,3951.0,6644,8001,8377,34. UHEs em áreas de interferência com Unidades de Conservaç╞o (UC) com CAPEX dobrado
Eólica,573.0,11014,19779,37497,34. UHEs em áreas de interferência com Unidades de Conservaç╞o (UC) com CAPEX dobrado
Solar,3.0,1385,7517,7517,34. UHEs em áreas de interferência com Unidades de Conservaç╞o (UC) com CAPEX dobrado
Outros,451.0,451,451,451,34. UHEs em áreas de interferência com Unidades de Conservaç╞o (UC) com CAPEX dobrado
Pot. Compl.,0.0,10071,25095,49629,34. UHEs em áreas de interferência com Unidades de Conservaç╞o (UC) com CAPEX dobrado
GD,0.0,903,2004,3733,34. UHEs em áreas de interferência com Unidades de Conservaç╞o (UC) com CAPEX dobrado
Hidro,59109.0,92792,97325,97475,19. Repotenciaç╞o e aumento do fator de capacidade das usinas a bagaço usando insumo com custo na entressafra
Gás Natural,10146.0,13719,20731,22771,19. Repotenciaç╞o e aumento do fator de capacidade das usinas a bagaço usando insumo com custo na entressafra
Carvão,1637.0,1688,255,0,19. Repotenciaç╞o e aumento do fator de capacidade das usinas a bagaço usando insumo com custo na entressafra
Nuclear,1651.0,2983,2983,2983,19. Repotenciaç╞o e aumento do fator de capacidade das usinas a bagaço usando insumo com custo na entressafra
Óleos Comb,4471.0,0,0,0,19. Repotenciaç╞o e aumento do fator de capacidade das usinas a bagaço usando insumo com custo na entressafra
Biomassa,8451.0,18236,19613,19635,19. Repotenciaç╞o e aumento do fator de capacidade das usinas a bagaço usando insumo com custo na entressafra
Eólica,1407.0,12034,28742,39986,19. Repotenciaç╞o e aumento do fator de capacidade das usinas a bagaço usando insumo com custo na entressafra
Solar,4.0,434,943,9535,19. Repotenciaç╞o e aumento do fator de capacidade das usinas a bagaço usando insumo com custo na entressafra
Outros,451.0,451,451,451,19. Repotenciaç╞o e aumento do fator de capacidade das usinas a bagaço usando insumo com custo na entressafra
Pot. Compl.,0.0,6848,29789,58466,19. Repotenciaç╞o e aumento do fator de capacidade das usinas a bagaço usando insumo com custo na entressafra
GD,0.0,903,2004,3733,19. Repotenciaç╞o e aumento do fator de capacidade das usinas a bagaço usando insumo com custo na entressafra
Hidro,63306.0,92938,104994,105720,57. Reduç╞o de 45 por cento no CAPEX e no OPEX de Usina Nuclear
Gás Natural,10475.0,15877,23766,24369,57. Reduç╞o de 45 por cento no CAPEX e no OPEX de Usina Nuclear
Carvão,2380.0,1688,255,0,57. Reduç╞o de 45 por cento no CAPEX e no OPEX de Usina Nuclear
Nuclear,1813.0,4178,4178,4178,57. Reduç╞o de 45 por cento no CAPEX e no OPEX de Usina Nuclear
Óleos Comb,3623.0,0,0,0,57. Reduç╞o de 45 por cento no CAPEX e no OPEX de Usina Nuclear
Biomassa,4009.0,8551,8378,8161,57. Reduç╞o de 45 por cento no CAPEX e no OPEX de Usina Nuclear
Eólica,1203.0,12450,29059,40656,57. Reduç╞o de 45 por cento no CAPEX e no OPEX de Usina Nuclear
Solar,4.0,434,943,7579,57. Reduç╞o de 45 por cento no CAPEX e no OPEX de Usina Nuclear
Outros,451.0,451,451,451,57. Reduç╞o de 45 por cento no CAPEX e no OPEX de Usina Nuclear
Pot. Compl.,0.0,12618,28809,60187,57. Reduç╞o de 45 por cento no CAPEX e no OPEX de Usina Nuclear
GD,0.0,903,2004,3733,57. Reduç╞o de 45 por cento no CAPEX e no OPEX de Usina Nuclear
Hidro,59977.0,90326,92661,88278,18. Aumento do fator de capacidade das usinas a bagaço usando insumo com custo 50 por cento maior na entressafra
Gás Natural,10342.0,13625,20637,24247,18. Aumento do fator de capacidade das usinas a bagaço usando insumo com custo 50 por cento maior na entressafra
Carvão,2106.0,1688,255,0,18. Aumento do fator de capacidade das usinas a bagaço usando insumo com custo 50 por cento maior na entressafra
Nuclear,1651.0,2983,2983,2983,18. Aumento do fator de capacidade das usinas a bagaço usando insumo com custo 50 por cento maior na entressafra
Óleos Comb,3389.0,0,0,0,18. Aumento do fator de capacidade das usinas a bagaço usando insumo com custo 50 por cento maior na entressafra
Biomassa,8316.0,15950,15891,15543,18. Aumento do fator de capacidade das usinas a bagaço usando insumo com custo 50 por cento maior na entressafra
Eólica,1093.0,14245,30899,43239,18. Aumento do fator de capacidade das usinas a bagaço usando insumo com custo 50 por cento maior na entressafra
Solar,2.0,434,2382,11265,18. Aumento do fator de capacidade das usinas a bagaço usando insumo com custo 50 por cento maior na entressafra
Outros,451.0,451,451,451,18. Aumento do fator de capacidade das usinas a bagaço usando insumo com custo 50 por cento maior na entressafra
Pot. Compl.,0.0,9483,34673,65295,18. Aumento do fator de capacidade das usinas a bagaço usando insumo com custo 50 por cento maior na entressafra
GD,0.0,903,2004,3733,18. Aumento do fator de capacidade das usinas a bagaço usando insumo com custo 50 por cento maior na entressafra
Hidro,63958.0,95534,107591,107427,28. Capacidade Instalada de GD limitada a 25 GW em 2050
Gás Natural,10475.0,18468,27643,35649,28. Capacidade Instalada de GD limitada a 25 GW em 2050
Carvão,2380.0,2635,1771,1771,28. Capacidade Instalada de GD limitada a 25 GW em 2050
Nuclear,1651.0,2983,2983,2983,28. Capacidade Instalada de GD limitada a 25 GW em 2050
Óleos Comb,3820.0,0,0,0,28. Capacidade Instalada de GD limitada a 25 GW em 2050
Biomassa,3951.0,6644,8001,8377,28. Capacidade Instalada de GD limitada a 25 GW em 2050
Eólica,573.0,11014,19779,37497,28. Capacidade Instalada de GD limitada a 25 GW em 2050
Solar,3.0,1385,7517,7517,28. Capacidade Instalada de GD limitada a 25 GW em 2050
Outros,451.0,451,451,451,28. Capacidade Instalada de GD limitada a 25 GW em 2050
Pot. Compl.,0.0,10071,25095,49629,28. Capacidade Instalada de GD limitada a 25 GW em 2050
GD,0.0,451,1002,1866,28. Capacidade Instalada de GD limitada a 25 GW em 2050
Hidro,63306.0,91576,102260,102358,58. Reduç╞o de 50 por cento no CAPEX e no OPEX de Usina Nuclear
Gás Natural,10475.0,14835,22723,23137,58. Reduç╞o de 50 por cento no CAPEX e no OPEX de Usina Nuclear
Carvão,2380.0,1688,255,0,58. Reduç╞o de 50 por cento no CAPEX e no OPEX de Usina Nuclear
Nuclear,1813.0,12734,12734,12734,58. Reduç╞o de 50 por cento no CAPEX e no OPEX de Usina Nuclear
Óleos Comb,3623.0,0,0,0,58. Reduç╞o de 50 por cento no CAPEX e no OPEX de Usina Nuclear
Biomassa,4009.0,6834,6660,6443,58. Reduç╞o de 50 por cento no CAPEX e no OPEX de Usina Nuclear
Eólica,1203.0,9917,26647,39490,58. Reduç╞o de 50 por cento no CAPEX e no OPEX de Usina Nuclear
Solar,4.0,434,943,6877,58. Reduç╞o de 50 por cento no CAPEX e no OPEX de Usina Nuclear
Outros,451.0,451,451,451,58. Reduç╞o de 50 por cento no CAPEX e no OPEX de Usina Nuclear
Pot. Compl.,0.0,10717,28158,59812,58. Reduç╞o de 50 por cento no CAPEX e no OPEX de Usina Nuclear
GD,0.0,903,2004,3733,58. Reduç╞o de 50 por cento no CAPEX e no OPEX de Usina Nuclear
Hidro,63958.0,95534,107591,107427,30. Potencial Inventariado Total exceto UHEs em áreas de interferência com Unidades de Conservaç╞o (UC)
Gás Natural,10475.0,18468,27643,35649,30. Potencial Inventariado Total exceto UHEs em áreas de interferência com Unidades de Conservaç╞o (UC)
Carvão,2380.0,2635,1771,1771,30. Potencial Inventariado Total exceto UHEs em áreas de interferência com Unidades de Conservaç╞o (UC)
Nuclear,1651.0,2983,2983,2983,30. Potencial Inventariado Total exceto UHEs em áreas de interferência com Unidades de Conservaç╞o (UC)
Óleos Comb,3820.0,0,0,0,30. Potencial Inventariado Total exceto UHEs em áreas de interferência com Unidades de Conservaç╞o (UC)
Biomassa,3951.0,6644,8001,8377,30. Potencial Inventariado Total exceto UHEs em áreas de interferência com Unidades de Conservaç╞o (UC)
Eólica,573.0,11014,19779,37497,30. Potencial Inventariado Total exceto UHEs em áreas de interferência com Unidades de Conservaç╞o (UC)
Solar,3.0,1385,7517,7517,30. Potencial Inventariado Total exceto UHEs em áreas de interferência com Unidades de Conservaç╞o (UC)
Outros,451.0,451,451,451,30. Potencial Inventariado Total exceto UHEs em áreas de interferência com Unidades de Conservaç╞o (UC)
Pot. Compl.,0.0,10071,25095,49629,30. Potencial Inventariado Total exceto UHEs em áreas de interferência com Unidades de Conservaç╞o (UC)
GD,0.0,903,2004,3733,30. Potencial Inventariado Total exceto UHEs em áreas de interferência com Unidades de Conservaç╞o (UC)
Hidro,63352.0,94162,104817,108672,50. Eólica Offshore com 20 por cento de reduç╞o de CAPEX
Gás Natural,9970.0,16006,23543,21792,50. Eólica Offshore com 20 por cento de reduç╞o de CAPEX
Carvão,2380.0,1688,255,0,50. Eólica Offshore com 20 por cento de reduç╞o de CAPEX
Nuclear,1651.0,2983,2983,2983,50. Eólica Offshore com 20 por cento de reduç╞o de CAPEX
Óleos Comb,4082.0,0,0,0,50. Eólica Offshore com 20 por cento de reduç╞o de CAPEX
Biomassa,4039.0,8462,8289,7941,50. Eólica Offshore com 20 por cento de reduç╞o de CAPEX
Eólica,1333.0,12518,31053,42667,50. Eólica Offshore com 20 por cento de reduç╞o de CAPEX
Solar,4.0,434,943,9072,50. Eólica Offshore com 20 por cento de reduç╞o de CAPEX
Outros,451.0,451,451,451,50. Eólica Offshore com 20 por cento de reduç╞o de CAPEX
Pot. Compl.,0.0,12482,28499,57724,50. Eólica Offshore com 20 por cento de reduç╞o de CAPEX
GD,0.0,903,2004,3733,50. Eólica Offshore com 20 por cento de reduç╞o de CAPEX
Hidro,59944.0,92662,102470,106011,54. Repotenciaç╞o e aumento do fator de capacidade das usinas a bagaço usando insumo com custo na entressafra
Gás Natural,9817.0,13010,18349,18378,54. Repotenciaç╞o e aumento do fator de capacidade das usinas a bagaço usando insumo com custo na entressafra
Carvão,2380.0,1688,255,0,54. Repotenciaç╞o e aumento do fator de capacidade das usinas a bagaço usando insumo com custo na entressafra
Nuclear,1651.0,2983,2983,2983,54. Repotenciaç╞o e aumento do fator de capacidade das usinas a bagaço usando insumo com custo na entressafra
Óleos Comb,3810.0,0,0,0,54. Repotenciaç╞o e aumento do fator de capacidade das usinas a bagaço usando insumo com custo na entressafra
Biomassa,8227.0,18236,19613,20267,54. Repotenciaç╞o e aumento do fator de capacidade das usinas a bagaço usando insumo com custo na entressafra
Eólica,1046.0,12543,25823,41931,54. Repotenciaç╞o e aumento do fator de capacidade das usinas a bagaço usando insumo com custo na entressafra
Solar,2.0,434,943,4272,54. Repotenciaç╞o e aumento do fator de capacidade das usinas a bagaço usando insumo com custo na entressafra
Outros,451.0,451,451,451,54. Repotenciaç╞o e aumento do fator de capacidade das usinas a bagaço usando insumo com custo na entressafra
Pot. Compl.,0.0,7177,29946,57009,54. Repotenciaç╞o e aumento do fator de capacidade das usinas a bagaço usando insumo com custo na entressafra
GD,0.0,903,2004,3733,54. Repotenciaç╞o e aumento do fator de capacidade das usinas a bagaço usando insumo com custo na entressafra
Hidro,63695.0,95448,93174,94709,09. Integraç╞o Elétrica com países da América do Sul
Gás Natural,10651.0,19183,33889,39177,09. Integraç╞o Elétrica com países da América do Sul
Carvão,2108.0,2635,1821,1551,09. Integraç╞o Elétrica com países da América do Sul
Nuclear,1651.0,2983,2983,2983,09. Integraç╞o Elétrica com países da América do Sul
Óleos Comb,4156.0,0,0,0,09. Integraç╞o Elétrica com países da América do Sul
Biomassa,4211.0,6644,7865,7648,09. Integraç╞o Elétrica com países da América do Sul
Eólica,337.0,8006,20916,37033,09. Integraç╞o Elétrica com países da América do Sul
Solar,3.0,1385,11431,17481,09. Integraç╞o Elétrica com países da América do Sul
Outros,451.0,451,451,451,09. Integraç╞o Elétrica com países da América do Sul
Pot. Compl.,0.0,12450,28302,50268,09. Integraç╞o Elétrica com países da América do Sul
GD,0.0,903,2004,3733,09. Integraç╞o Elétrica com países da América do Sul
Hidro,63958.0,95534,107591,107427,15. Eólica Offshore com 20 por cento de reduç╞o de CAPEX
Gás Natural,10475.0,18468,27643,35649,15. Eólica Offshore com 20 por cento de reduç╞o de CAPEX
Carvão,2380.0,2635,1771,1771,15. Eólica Offshore com 20 por cento de reduç╞o de CAPEX
Nuclear,1651.0,2983,2983,2983,15. Eólica Offshore com 20 por cento de reduç╞o de CAPEX
Óleos Comb,3820.0,0,0,0,15. Eólica Offshore com 20 por cento de reduç╞o de CAPEX
Biomassa,3951.0,6644,8001,8377,15. Eólica Offshore com 20 por cento de reduç╞o de CAPEX
Eólica,573.0,11014,19779,37497,15. Eólica Offshore com 20 por cento de reduç╞o de CAPEX
Solar,3.0,1385,7517,7517,15. Eólica Offshore com 20 por cento de reduç╞o de CAPEX
Outros,451.0,451,451,451,15. Eólica Offshore com 20 por cento de reduç╞o de CAPEX
Pot. Compl.,0.0,10071,25095,49629,15. Eólica Offshore com 20 por cento de reduç╞o de CAPEX
GD,0.0,903,2004,3733,15. Eólica Offshore com 20 por cento de reduç╞o de CAPEX
Hidro,63958.0,95534,107591,107427,35. UHEs com interferência após 2040
Gás Natural,10475.0,18468,27643,35649,35. UHEs com interferência após 2040
Carvão,2380.0,2635,1771,1771,35. UHEs com interferência após 2040
Nuclear,1651.0,2983,2983,2983,35. UHEs com interferência após 2040
Óleos Comb,3820.0,0,0,0,35. UHEs com interferência após 2040
Biomassa,3951.0,6644,8001,8377,35. UHEs com interferência após 2040
Eólica,573.0,11014,19779,37497,35. UHEs com interferência após 2040
Solar,3.0,1385,7517,7517,35. UHEs com interferência após 2040
Outros,451.0,451,451,451,35. UHEs com interferência após 2040
Pot. Compl.,0.0,10071,25095,49629,35. UHEs com interferência após 2040
GD,0.0,903,2004,3733,35. UHEs com interferência após 2040
Hidro,63958.0,95534,107591,107427,40. Efeitos das Mudanças Climáticas (reduç╞o de disponibilidade hídrica)
Gás Natural,10475.0,18468,27643,35649,40. Efeitos das Mudanças Climáticas (reduç╞o de disponibilidade hídrica)
Carvão,2380.0,2635,1771,1771,40. Efeitos das Mudanças Climáticas (reduç╞o de disponibilidade hídrica)
Nuclear,1651.0,2983,2983,2983,40. Efeitos das Mudanças Climáticas (reduç╞o de disponibilidade hídrica)
Óleos Comb,3820.0,0,0,0,40. Efeitos das Mudanças Climáticas (reduç╞o de disponibilidade hídrica)
Biomassa,3951.0,6644,8001,8377,40. Efeitos das Mudanças Climáticas (reduç╞o de disponibilidade hídrica)
Eólica,573.0,11014,19779,37497,40. Efeitos das Mudanças Climáticas (reduç╞o de disponibilidade hídrica)
Solar,3.0,1385,7517,7517,40. Efeitos das Mudanças Climáticas (reduç╞o de disponibilidade hídrica)
Outros,451.0,451,451,451,40. Efeitos das Mudanças Climáticas (reduç╞o de disponibilidade hídrica)
Pot. Compl.,0.0,10071,25095,49629,40. Efeitos das Mudanças Climáticas (reduç╞o de disponibilidade hídrica)
GD,0.0,903,2004,3733,40. Efeitos das Mudanças Climáticas (reduç╞o de disponibilidade hídrica)
Hidro,63695.0,95448,93174,94709,47. Frota de veículos leves integralmente elétrica em 2050
Gás Natural,10651.0,19183,33889,39177,47. Frota de veículos leves integralmente elétrica em 2050
Carvão,2108.0,2635,1821,1551,47. Frota de veículos leves integralmente elétrica em 2050
Nuclear,1651.0,2983,2983,2983,47. Frota de veículos leves integralmente elétrica em 2050
Óleos Comb,4156.0,0,0,0,47. Frota de veículos leves integralmente elétrica em 2050
Biomassa,4211.0,6644,7865,7648,47. Frota de veículos leves integralmente elétrica em 2050
Eólica,337.0,8006,20916,37033,47. Frota de veículos leves integralmente elétrica em 2050
Solar,3.0,1385,11431,17481,47. Frota de veículos leves integralmente elétrica em 2050
Outros,451.0,451,451,451,47. Frota de veículos leves integralmente elétrica em 2050
Pot. Compl.,0.0,12450,28302,50268,47. Frota de veículos leves integralmente elétrica em 2050
GD,0.0,903,2004,3733,47. Frota de veículos leves integralmente elétrica em 2050
Hidro,63958.0,95534,107591,107427,04. Exceto UC e TI Potencial Hidrelétrico Inventariado sem áreas de interferência
Gás Natural,10475.0,18468,27643,35649,04. Exceto UC e TI Potencial Hidrelétrico Inventariado sem áreas de interferência
Carvão,2380.0,2635,1771,1771,04. Exceto UC e TI Potencial Hidrelétrico Inventariado sem áreas de interferência
Nuclear,1651.0,2983,2983,2983,04. Exceto UC e TI Potencial Hidrelétrico Inventariado sem áreas de interferência
Óleos Comb,3820.0,0,0,0,04. Exceto UC e TI Potencial Hidrelétrico Inventariado sem áreas de interferência
Biomassa,3951.0,6644,8001,8377,04. Exceto UC e TI Potencial Hidrelétrico Inventariado sem áreas de interferência
Eólica,573.0,11014,19779,37497,04. Exceto UC e TI Potencial Hidrelétrico Inventariado sem áreas de interferência
Solar,3.0,1385,7517,7517,04. Exceto UC e TI Potencial Hidrelétrico Inventariado sem áreas de interferência
Outros,451.0,451,451,451,04. Exceto UC e TI Potencial Hidrelétrico Inventariado sem áreas de interferência
Pot. Compl.,0.0,10071,25095,49629,04. Exceto UC e TI Potencial Hidrelétrico Inventariado sem áreas de interferência
GD,0.0,903,2004,3733,04. Exceto UC e TI Potencial Hidrelétrico Inventariado sem áreas de interferência
Hidro,63739.0,94506,112678,112728,49. Capacidade Instalada Total de Eólica e de PV Solar limitada a 50 GW (cada uma) no horizonte
Gás Natural,10146.0,18027,37102,58087,49. Capacidade Instalada Total de Eólica e de PV Solar limitada a 50 GW (cada uma) no horizonte
Carvão,2380.0,1688,255,0,49. Capacidade Instalada Total de Eólica e de PV Solar limitada a 50 GW (cada uma) no horizonte
Nuclear,1651.0,2983,2983,2983,49. Capacidade Instalada Total de Eólica e de PV Solar limitada a 50 GW (cada uma) no horizonte
Óleos Comb,3503.0,0,0,0,49. Capacidade Instalada Total de Eólica e de PV Solar limitada a 50 GW (cada uma) no horizonte
Biomassa,4141.0,8922,9573,9705,49. Capacidade Instalada Total de Eólica e de PV Solar limitada a 50 GW (cada uma) no horizonte
Eólica,1250.0,10008,10418,16250,49. Capacidade Instalada Total de Eólica e de PV Solar limitada a 50 GW (cada uma) no horizonte
Solar,2.0,2174,5340,8552,49. Capacidade Instalada Total de Eólica e de PV Solar limitada a 50 GW (cada uma) no horizonte
Outros,451.0,451,0,0,49. Capacidade Instalada Total de Eólica e de PV Solar limitada a 50 GW (cada uma) no horizonte
Pot. Compl.,0.0,10427,22485,42998,49. Capacidade Instalada Total de Eólica e de PV Solar limitada a 50 GW (cada uma) no horizonte
GD,0.0,903,2004,3733,49. Capacidade Instalada Total de Eólica e de PV Solar limitada a 50 GW (cada uma) no horizonte
Hidro,63958.0,95534,107591,107427,07. Sobrecusto de 100 por cento no CAPEX de PCH
Gás Natural,10475.0,18468,27643,35649,07. Sobrecusto de 100 por cento no CAPEX de PCH
Carvão,2380.0,2635,1771,1771,07. Sobrecusto de 100 por cento no CAPEX de PCH
Nuclear,1651.0,2983,2983,2983,07. Sobrecusto de 100 por cento no CAPEX de PCH
Óleos Comb,3820.0,0,0,0,07. Sobrecusto de 100 por cento no CAPEX de PCH
Biomassa,3951.0,6644,8001,8377,07. Sobrecusto de 100 por cento no CAPEX de PCH
Eólica,573.0,11014,19779,37497,07. Sobrecusto de 100 por cento no CAPEX de PCH
Solar,3.0,1385,7517,7517,07. Sobrecusto de 100 por cento no CAPEX de PCH
Outros,451.0,451,451,451,07. Sobrecusto de 100 por cento no CAPEX de PCH
Pot. Compl.,0.0,10071,25095,49629,07. Sobrecusto de 100 por cento no CAPEX de PCH
GD,0.0,903,2004,3733,07. Sobrecusto de 100 por cento no CAPEX de PCH
Hidro,59345.0,92408,99802,101194,53. Aumento do fator de capacidade das usinas a bagaço usando insumo com custo 50 por cento maior na entressafra
Gás Natural,9970.0,13224,20236,20455,53. Aumento do fator de capacidade das usinas a bagaço usando insumo com custo 50 por cento maior na entressafra
Carvão,2380.0,1688,255,0,53. Aumento do fator de capacidade das usinas a bagaço usando insumo com custo 50 por cento maior na entressafra
Nuclear,1651.0,2983,2983,2983,53. Aumento do fator de capacidade das usinas a bagaço usando insumo com custo 50 por cento maior na entressafra
Óleos Comb,4082.0,0,0,0,53. Aumento do fator de capacidade das usinas a bagaço usando insumo com custo 50 por cento maior na entressafra
Biomassa,8111.0,17951,17892,17818,53. Aumento do fator de capacidade das usinas a bagaço usando insumo com custo 50 por cento maior na entressafra
Eólica,1333.0,12897,28108,44468,53. Aumento do fator de capacidade das usinas a bagaço usando insumo com custo 50 por cento maior na entressafra
Solar,4.0,434,943,3723,53. Aumento do fator de capacidade das usinas a bagaço usando insumo com custo 50 por cento maior na entressafra
Outros,451.0,451,451,451,53. Aumento do fator de capacidade das usinas a bagaço usando insumo com custo 50 por cento maior na entressafra
Pot. Compl.,0.0,7149,30161,60210,53. Aumento do fator de capacidade das usinas a bagaço usando insumo com custo 50 por cento maior na entressafra
GD,0.0,903,2004,3733,53. Aumento do fator de capacidade das usinas a bagaço usando insumo com custo 50 por cento maior na entressafra
Hidro,63352.0,93371,107248,104304,64. GN Pré-Sal ao preço de US$ 6MMBtu
Gás Natural,9970.0,16974,17804,18575,64. GN Pré-Sal ao preço de US$ 6MMBtu
Carvão,2380.0,1688,255,0,64. GN Pré-Sal ao preço de US$ 6MMBtu
Nuclear,1651.0,2983,2983,2983,64. GN Pré-Sal ao preço de US$ 6MMBtu
Óleos Comb,4082.0,0,0,0,64. GN Pré-Sal ao preço de US$ 6MMBtu
Biomassa,4039.0,8206,8033,7816,64. GN Pré-Sal ao preço de US$ 6MMBtu
Eólica,1333.0,12576,28647,40843,64. GN Pré-Sal ao preço de US$ 6MMBtu
Solar,4.0,434,943,9535,64. GN Pré-Sal ao preço de US$ 6MMBtu
Outros,451.0,451,451,451,64. GN Pré-Sal ao preço de US$ 6MMBtu
Pot. Compl.,0.0,12502,34467,66796,64. GN Pré-Sal ao preço de US$ 6MMBtu
GD,0.0,903,2004,3733,64. GN Pré-Sal ao preço de US$ 6MMBtu
Hidro,63506.0,92977,105376,105830,60. Expans╞o de 10.000 MW de Usinas Nucleares
Gás Natural,9534.0,16131,23143,23368,60. Expans╞o de 10.000 MW de Usinas Nucleares
Carvão,2380.0,1688,255,0,60. Expans╞o de 10.000 MW de Usinas Nucleares
Nuclear,1651.0,2983,7964,11284,60. Expans╞o de 10.000 MW de Usinas Nucleares
Óleos Comb,4382.0,0,0,0,60. Expans╞o de 10.000 MW de Usinas Nucleares
Biomassa,4121.0,8922,8749,8532,60. Expans╞o de 10.000 MW de Usinas Nucleares
Eólica,1235.0,12679,26708,37167,60. Expans╞o de 10.000 MW de Usinas Nucleares
Solar,3.0,434,943,6868,60. Expans╞o de 10.000 MW de Usinas Nucleares
Outros,451.0,451,451,451,60. Expans╞o de 10.000 MW de Usinas Nucleares
Pot. Compl.,0.0,12919,27243,57802,60. Expans╞o de 10.000 MW de Usinas Nucleares
GD,0.0,903,2004,3733,60. Expans╞o de 10.000 MW de Usinas Nucleares
Hidro,64064.0,92275,91300,93134,16. Capacidade Instalada Total de PV Solar limitada a 50 GW (cada uma) no horizonte
Gás Natural,10342.0,16580,23494,32555,16. Capacidade Instalada Total de PV Solar limitada a 50 GW (cada uma) no horizonte
Carvão,2106.0,1688,255,0,16. Capacidade Instalada Total de PV Solar limitada a 50 GW (cada uma) no horizonte
Nuclear,1651.0,2983,2983,2983,16. Capacidade Instalada Total de PV Solar limitada a 50 GW (cada uma) no horizonte
Óleos Comb,3389.0,0,0,0,16. Capacidade Instalada Total de PV Solar limitada a 50 GW (cada uma) no horizonte
Biomassa,4145.0,4944,4771,4423,16. Capacidade Instalada Total de PV Solar limitada a 50 GW (cada uma) no horizonte
Eólica,1112.0,15286,31944,45977,16. Capacidade Instalada Total de PV Solar limitada a 50 GW (cada uma) no horizonte
Solar,2.0,1334,4500,8500,16. Capacidade Instalada Total de PV Solar limitada a 50 GW (cada uma) no horizonte
Outros,451.0,451,451,451,16. Capacidade Instalada Total de PV Solar limitada a 50 GW (cada uma) no horizonte
Pot. Compl.,0.0,13644,41134,63280,16. Capacidade Instalada Total de PV Solar limitada a 50 GW (cada uma) no horizonte
GD,0.0,903,2004,3733,16. Capacidade Instalada Total de PV Solar limitada a 50 GW (cada uma) no horizonte
Hidro,62431.0,95796,93700,91331,59. Expans╞o de 8.000 MW de Usinas Nucleares
Gás Natural,10651.0,19540,31480,38224,59. Expans╞o de 8.000 MW de Usinas Nucleares
Carvão,2380.0,2635,1821,1821,59. Expans╞o de 8.000 MW de Usinas Nucleares
Nuclear,1651.0,2983,6303,9624,59. Expans╞o de 8.000 MW de Usinas Nucleares
Óleos Comb,4244.0,0,0,0,59. Expans╞o de 8.000 MW de Usinas Nucleares
Biomassa,4183.0,6644,7865,7478,59. Expans╞o de 8.000 MW de Usinas Nucleares
Eólica,1269.0,10631,19029,34777,59. Expans╞o de 8.000 MW de Usinas Nucleares
Solar,3.0,1385,11431,15423,59. Expans╞o de 8.000 MW de Usinas Nucleares
Outros,451.0,451,451,451,59. Expans╞o de 8.000 MW de Usinas Nucleares
Pot. Compl.,0.0,9121,28752,52174,59. Expans╞o de 8.000 MW de Usinas Nucleares
GD,0.0,903,2004,3733,59. Expans╞o de 8.000 MW de Usinas Nucleares
Hidro,64064.0,92705,86707,85082,13. Capacidade Instalada Total de Eólica limitada a 50 GW no horizonte
Gás Natural,10342.0,20356,30801,33205,13. Capacidade Instalada Total de Eólica limitada a 50 GW no horizonte
Carvão,2106.0,1688,255,0,13. Capacidade Instalada Total de Eólica limitada a 50 GW no horizonte
Nuclear,1651.0,2983,2983,2983,13. Capacidade Instalada Total de Eólica limitada a 50 GW no horizonte
Óleos Comb,3389.0,0,0,0,13. Capacidade Instalada Total de Eólica limitada a 50 GW no horizonte
Biomassa,4145.0,8914,9523,9166,13. Capacidade Instalada Total de Eólica limitada a 50 GW no horizonte
Eólica,1112.0,9380,9790,13260,13. Capacidade Instalada Total de Eólica limitada a 50 GW no horizonte
Solar,2.0,3520,20818,26034,13. Capacidade Instalada Total de Eólica limitada a 50 GW no horizonte
Outros,451.0,451,451,451,13. Capacidade Instalada Total de Eólica limitada a 50 GW no horizonte
Pot. Compl.,0.0,9189,39505,81121,13. Capacidade Instalada Total de Eólica limitada a 50 GW no horizonte
GD,0.0,903,2004,3733,13. Capacidade Instalada Total de Eólica limitada a 50 GW no horizonte
Hidro,63958.0,95534,107591,107427,21. Reduç╞o de 50 por cento no CAPEX de Usina Nuclear
Gás Natural,10475.0,18468,27643,35649,21. Reduç╞o de 50 por cento no CAPEX de Usina Nuclear
Carvão,2380.0,2635,1771,1771,21. Reduç╞o de 50 por cento no CAPEX de Usina Nuclear
Nuclear,1651.0,2983,2983,2983,21. Reduç╞o de 50 por cento no CAPEX de Usina Nuclear
Óleos Comb,3820.0,0,0,0,21. Reduç╞o de 50 por cento no CAPEX de Usina Nuclear
Biomassa,3951.0,6644,8001,8377,21. Reduç╞o de 50 por cento no CAPEX de Usina Nuclear
Eólica,573.0,11014,19779,37497,21. Reduç╞o de 50 por cento no CAPEX de Usina Nuclear
Solar,3.0,1385,7517,7517,21. Reduç╞o de 50 por cento no CAPEX de Usina Nuclear
Outros,451.0,451,451,451,21. Reduç╞o de 50 por cento no CAPEX de Usina Nuclear
Pot. Compl.,0.0,10071,25095,49629,21. Reduç╞o de 50 por cento no CAPEX de Usina Nuclear
GD,0.0,903,2004,3733,21. Reduç╞o de 50 por cento no CAPEX de Usina Nuclear
Hidro,63695.0,95448,93174,94709,44. Integraç╞o Elétrica com países da América do Sul
Gás Natural,10651.0,19183,33889,39177,44. Integraç╞o Elétrica com países da América do Sul
Carvão,2108.0,2635,1821,1551,44. Integraç╞o Elétrica com países da América do Sul
Nuclear,1651.0,2983,2983,2983,44. Integraç╞o Elétrica com países da América do Sul
Óleos Comb,4156.0,0,0,0,44. Integraç╞o Elétrica com países da América do Sul
Biomassa,4211.0,6644,7865,7648,44. Integraç╞o Elétrica com países da América do Sul
Eólica,337.0,8006,20916,37033,44. Integraç╞o Elétrica com países da América do Sul
Solar,3.0,1385,11431,17481,44. Integraç╞o Elétrica com países da América do Sul
Outros,451.0,451,451,451,44. Integraç╞o Elétrica com países da América do Sul
Pot. Compl.,0.0,12450,28302,50268,44. Integraç╞o Elétrica com países da América do Sul
GD,0.0,903,2004,3733,44. Integraç╞o Elétrica com países da América do Sul
Hidro,59977.0,90500,92707,88903,17. Aumento do fator de capacidade das usinas a bagaço usando insumo com custo na entressafra
Gás Natural,10342.0,13769,20781,23728,17. Aumento do fator de capacidade das usinas a bagaço usando insumo com custo na entressafra
Carvão,2106.0,1688,255,0,17. Aumento do fator de capacidade das usinas a bagaço usando insumo com custo na entressafra
Nuclear,1651.0,2983,2983,2983,17. Aumento do fator de capacidade das usinas a bagaço usando insumo com custo na entressafra
Óleos Comb,3389.0,0,0,0,17. Aumento do fator de capacidade das usinas a bagaço usando insumo com custo na entressafra
Biomassa,8316.0,18236,19613,20267,17. Aumento do fator de capacidade das usinas a bagaço usando insumo com custo na entressafra
Eólica,1093.0,13349,29357,41477,17. Aumento do fator de capacidade das usinas a bagaço usando insumo com custo na entressafra
Solar,2.0,434,2014,10606,17. Aumento do fator de capacidade das usinas a bagaço usando insumo com custo na entressafra
Outros,451.0,451,451,451,17. Aumento do fator de capacidade das usinas a bagaço usando insumo com custo na entressafra
Pot. Compl.,0.0,7775,32671,62887,17. Aumento do fator de capacidade das usinas a bagaço usando insumo com custo na entressafra
GD,0.0,903,2004,3733,17. Aumento do fator de capacidade das usinas a bagaço usando insumo com custo na entressafra
Hidro,63958.0,95534,107591,107427,12. Frota de veículos leves integralmente elétrica em 2050
Gás Natural,10475.0,18468,27643,35649,12. Frota de veículos leves integralmente elétrica em 2050
Carvão,2380.0,2635,1771,1771,12. Frota de veículos leves integralmente elétrica em 2050
Nuclear,1651.0,2983,2983,2983,12. Frota de veículos leves integralmente elétrica em 2050
Óleos Comb,3820.0,0,0,0,12. Frota de veículos leves integralmente elétrica em 2050
Biomassa,3951.0,6644,8001,8377,12. Frota de veículos leves integralmente elétrica em 2050
Eólica,573.0,11014,19779,37497,12. Frota de veículos leves integralmente elétrica em 2050
Solar,3.0,1385,7517,7517,12. Frota de veículos leves integralmente elétrica em 2050
Outros,451.0,451,451,451,12. Frota de veículos leves integralmente elétrica em 2050
Pot. Compl.,0.0,10071,25095,49629,12. Frota de veículos leves integralmente elétrica em 2050
GD,0.0,903,2004,3733,12. Frota de veículos leves integralmente elétrica em 2050
Hidro,66285.0,96124,106464,102959,37. Matriz Elétrica com expans╞o 100 por cento renovável
Gás Natural,8536.0,6559,1494,0,37. Matriz Elétrica com expans╞o 100 por cento renovável
Carvão,1566.0,1688,255,0,37. Matriz Elétrica com expans╞o 100 por cento renovável
Nuclear,1813.0,3144,3144,3144,37. Matriz Elétrica com expans╞o 100 por cento renovável
Óleos Comb,2752.0,0,0,0,37. Matriz Elétrica com expans╞o 100 por cento renovável
Biomassa,4265.0,14470,14297,13948,37. Matriz Elétrica com expans╞o 100 por cento renovável
Eólica,1592.0,14487,31345,44442,37. Matriz Elétrica com expans╞o 100 por cento renovável
Solar,4.0,434,943,9535,37. Matriz Elétrica com expans╞o 100 por cento renovável
Outros,451.0,451,0,0,37. Matriz Elétrica com expans╞o 100 por cento renovável
Pot. Compl.,0.0,11828,42891,77274,37. Matriz Elétrica com expans╞o 100 por cento renovável
GD,0.0,903,2004,3733,37. Matriz Elétrica com expans╞o 100 por cento renovável
